{
    "modulVersion": "2.1.0",
    "modulResult": true,
    "scheme": "VehicleManifestSchema_2.2.0.json",
    "manifestImplementationVersion": "",
    "manifestName": "",
    "manifestFileVersion": "",
    "requestId": "12345678-1234-1234-1234-12345678abce",
    "description": "Fake for Automation Testing 2021-01-25",
    "blPartNumber": "0123456789",
    "vcHash": "A3FDE413A0B2EE79DBB27CD1A0B11C35DCC5D8467AD0F70BF0C11F3EFA62DFDC",
    "useCase": "oru",
    "checkMap": "checked",
    "amCode": "CMC2117",
    "updateMap": {
        "id": 1,
        "updateType": "sequential",
        "updateItems": [
            {
                "id": 2,
                "elementType": "updateItem",
                "updateItem": {
                    "diagnosisAddress": "0019",
                    "dataType": "PROG",
                    "progInformation": {
                        "sgvType": "PU_",
                        "law": "BC#",
                        "ecuType": "UDS (ohne ICAS)",
                        "obdRelevance": false,
                        "ivdRelevance": false,
                        "diagnosisClass": "DK4",
                        "duration": 17,
                        "targetVersions": [
                            {
                                "partNumber": "YR041I9VU",
                                "softwareVersion": "T444"
                            }
                        ],
                        "validVersionMapping": [
                            {
                                "odxSessionShortName": "SESD_85F907468_H7E3_VDONLY_V001_E",
                                "metaFile": "FL_EVZQEP9IO_T401_TEST.odx-f",
                                "dataFiles": [
                                    {
                                        "blockFileName": "e84ae1d35750daf9de1705faca116e2d.bin",
                                        "blockNo": "000A",
                                        "blockVersion": "0236",
                                        "blockInstallationTime": 60,
                                        "blockFileSize": 115
                                    },
                                    {
                                        "blockFileName": "2e842bec5e3d1fdaf1c63a23af8cb896.bin",
                                        "blockNo": "000B",
                                        "blockVersion": "0236",
                                        "blockInstallationTime": 60,
                                        "blockFileSize": 115
                                    }
                                ]
                            }
                        ]
                    },
                    "retries": 1,
                    "preActions": [
                        {
                            "actionType": "crc",
                            "id": 3,
                            "crcAction": {
                                "fusiTransferDA": true
                            }
                        }
                    ],
                    "postActions": [
                        {
                            "actionType": "crc",
                            "id": 4,
                            "retries": 1,
                            "crcAction": {
                                "manifest": "FL_EVZQEP9IO_T401_TEST"
                            }
                        }
                    ]
                }
            }
        ]
    }
}